{"cameraMode":{"drawMode":0,"name":"Shaded","section":"Shading Mode"},"sceneLighting":true,"audioPlay":false,"sceneViewState":{"m_AlwaysRefresh":false,"showFog":true,"showSkybox":true,"showFlares":true,"showImageEffects":true,"showParticleSystems":true,"showVisualEffectGraphs":true,"m_FxEnabled":true},"in2DMode":false,"pivot":{"x":-30.806739807128908,"y":5.474381923675537,"z":54.746158599853519},"rotation":{"x":-0.028637563809752466,"y":-0.2655069828033447,"z":-0.007834904827177525,"w":0.9637569189071655},"size":34.64588928222656,"orthographic":false}