{"cameraMode":{"drawMode":0,"name":"Shaded","section":"Shading Mode"},"sceneLighting":true,"audioPlay":false,"sceneViewState":{"m_AlwaysRefresh":false,"showFog":true,"showSkybox":true,"showFlares":true,"showImageEffects":true,"showParticleSystems":true,"showVisualEffectGraphs":true,"m_FxEnabled":true},"in2DMode":false,"pivot":{"x":-10.276223182678223,"y":-18.635818481445314,"z":-11.149160385131836},"rotation":{"x":0.08055979758501053,"y":-0.9173259139060974,"z":0.25638991594314577,"w":0.2945040166378021},"size":0.6405824422836304,"orthographic":false}