{"cameraMode":{"drawMode":0,"name":"Shaded","section":"Shading Mode"},"sceneLighting":true,"audioPlay":false,"sceneViewState":{"m_AlwaysRefresh":false,"showFog":true,"showSkybox":true,"showFlares":true,"showImageEffects":true,"showParticleSystems":true,"showVisualEffectGraphs":true,"m_FxEnabled":true},"in2DMode":false,"pivot":{"x":241.42385864257813,"y":10.705903053283692,"z":-181.1780242919922},"rotation":{"x":0.032792072743177417,"y":0.7461100816726685,"z":-0.023942377418279649,"w":0.6669121384620667},"size":219.7195587158203,"orthographic":false}