{"cameraMode":{"drawMode":0,"name":"Shaded","section":"Shading Mode"},"sceneLighting":false,"audioPlay":false,"sceneViewState":{"m_AlwaysRefresh":false,"showFog":true,"showSkybox":false,"showFlares":true,"showImageEffects":true,"showParticleSystems":true,"showVisualEffectGraphs":true,"m_FxEnabled":true},"in2DMode":false,"pivot":{"x":-8.940696716308594e-7,"y":0.23138973116874696,"z":-0.0030894577503204347},"rotation":{"x":-0.11741849035024643,"y":0.4620440900325775,"z":-0.051483191549777988,"w":-0.8785427212715149},"size":0.6186535358428955,"orthographic":false}